Nro,Categoria,Producto,ID,Portada,Imagen1,Imagen2,Imagen3,Imagen4,Imagen5,Imagen6
1,audifonos,AirPods 3,AUD006,producto-AUD006-portada,producto-AUD006-1,producto-AUD006-2,producto-AUD006-3,producto-AUD006-4,producto-AUD006-5,producto-AUD006-6
2,audifonos,AirPods 4,AUD003,producto-AUD003-portada,producto-AUD003-1,producto-AUD003-2,producto-AUD003-3,producto-AUD003-4,producto-AUD003-5,producto-AUD003-6
3,audifonos,AirPods 4 con ANC,AUD002,producto-AUD002-portada,producto-AUD002-1,producto-AUD002-2,producto-AUD002-3,producto-AUD002-4,producto-AUD002-5,producto-AUD002-6
4,audifonos,AirPods Max,AUD005,producto-AUD005-portada,producto-AUD005-1,producto-AUD005-2,producto-AUD005-3,producto-AUD005-4,producto-AUD005-5,producto-AUD005-6
5,audifonos,AirPods Pro 2,AUD004,producto-AUD004-portada,producto-AUD004-1,producto-AUD004-2,producto-AUD004-3,producto-AUD004-4,producto-AUD004-5,producto-AUD004-6
6,audifonos,AirPods Pro 3,AUD001,producto-AUD001-portada,producto-AUD001-1,producto-AUD001-2,producto-AUD001-3,producto-AUD001-4,producto-AUD001-5,producto-AUD001-6
7,audifonos,Choice Earbuds X,AUD043,producto-AUD043-portada,producto-AUD043-1,producto-AUD043-2,producto-AUD043-3,producto-AUD043-4,producto-AUD043-5,producto-AUD043-6
8,audifonos,Choice Earbuds X3,AUD042,producto-AUD042-portada,producto-AUD042-1,producto-AUD042-2,producto-AUD042-3,producto-AUD042-4,producto-AUD042-5,producto-AUD042-6
9,audifonos,Choice Earbuds X3 Lite,AUD041,producto-AUD041-portada,producto-AUD041-1,producto-AUD041-2,producto-AUD041-3,producto-AUD041-4,producto-AUD041-5,producto-AUD041-6
10,audifonos,Choice Earbuds X7,AUD037,producto-AUD037-portada,producto-AUD037-1,producto-AUD037-2,producto-AUD037-3,producto-AUD037-4,producto-AUD037-5,producto-AUD037-6
11,audifonos,Choice Earbuds X7 Lite,AUD038,producto-AUD038-portada,producto-AUD038-1,producto-AUD038-2,producto-AUD038-3,producto-AUD038-4,producto-AUD038-5,producto-AUD038-6
12,audifonos,Choice Earbuds X7e,AUD039,producto-AUD039-portada,producto-AUD039-1,producto-AUD039-2,producto-AUD039-3,producto-AUD039-4,producto-AUD039-5,producto-AUD039-6
13,audifonos,Choice Earbuds X7i,AUD040,producto-AUD040-portada,producto-AUD040-1,producto-AUD040-2,producto-AUD040-3,producto-AUD040-4,producto-AUD040-5,producto-AUD040-6
14,audifonos,Earbuds 3 Pro,AUD036,producto-AUD036-portada,producto-AUD036-1,producto-AUD036-2,producto-AUD036-3,producto-AUD036-4,producto-AUD036-5,producto-AUD036-6
15,audifonos,Earbuds Open,AUD044,producto-AUD044-portada,producto-AUD044-1,producto-AUD044-2,producto-AUD044-3,producto-AUD044-4,producto-AUD044-5,producto-AUD044-6
16,audifonos,Earbuds X5,AUD035,producto-AUD035-portada,producto-AUD035-1,producto-AUD035-2,producto-AUD035-3,producto-AUD035-4,producto-AUD035-5,producto-AUD035-6
17,audifonos,Earbuds X6,AUD034,producto-AUD034-portada,producto-AUD034-1,producto-AUD034-2,producto-AUD034-3,producto-AUD034-4,producto-AUD034-5,producto-AUD034-6
18,audifonos,FreeBuds 5,AUD032,producto-AUD032-portada,producto-AUD032-1,producto-AUD032-2,producto-AUD032-3,producto-AUD032-4,producto-AUD032-5,producto-AUD032-6
19,audifonos,FreeBuds 5i,AUD031,producto-AUD031-portada,producto-AUD031-1,producto-AUD031-2,producto-AUD031-3,producto-AUD031-4,producto-AUD031-5,producto-AUD031-6
20,audifonos,FreeBuds Pro,AUD029,producto-AUD029-portada,producto-AUD029-1,producto-AUD029-2,producto-AUD029-3,producto-AUD029-4,producto-AUD029-5,producto-AUD029-6
21,audifonos,FreeBuds Pro 2,AUD028,producto-AUD028-portada,producto-AUD028-1,producto-AUD028-2,producto-AUD028-3,producto-AUD028-4,producto-AUD028-5,producto-AUD028-6
22,audifonos,FreeBuds Pro 3,AUD027,producto-AUD027-portada,producto-AUD027-1,producto-AUD027-2,producto-AUD027-3,producto-AUD027-4,producto-AUD027-5,producto-AUD027-6
23,audifonos,FreeBuds Pro 4,AUD026,producto-AUD026-portada,producto-AUD026-1,producto-AUD026-2,producto-AUD026-3,producto-AUD026-4,producto-AUD026-5,producto-AUD026-6
24,audifonos,FreeBuds SE 3,AUD030,producto-AUD030-portada,producto-AUD030-1,producto-AUD030-2,producto-AUD030-3,producto-AUD030-4,producto-AUD030-5,producto-AUD030-6
25,audifonos,FreeClip,AUD033,producto-AUD033-portada,producto-AUD033-1,producto-AUD033-2,producto-AUD033-3,producto-AUD033-4,producto-AUD033-5,producto-AUD033-6
26,audifonos,Galaxy Buds 2,AUD012,producto-AUD012-portada,producto-AUD012-1,producto-AUD012-2,producto-AUD012-3,producto-AUD012-4,producto-AUD012-5,producto-AUD012-6
27,audifonos,Galaxy Buds 2 Pro,AUD011,producto-AUD011-portada,producto-AUD011-1,producto-AUD011-2,producto-AUD011-3,producto-AUD011-4,producto-AUD011-5,producto-AUD011-6
28,audifonos,Galaxy Buds 3,AUD009,producto-AUD009-portada,producto-AUD009-1,producto-AUD009-2,producto-AUD009-3,producto-AUD009-4,producto-AUD009-5,producto-AUD009-6
29,audifonos,Galaxy Buds 3 Pro,AUD008,producto-AUD008-portada,producto-AUD008-1,producto-AUD008-2,producto-AUD008-3,producto-AUD008-4,producto-AUD008-5,producto-AUD008-6
30,audifonos,Galaxy Buds 4 Pro,AUD007,producto-AUD007-portada,producto-AUD007-1,producto-AUD007-2,producto-AUD007-3,producto-AUD007-4,producto-AUD007-5,producto-AUD007-6
31,audifonos,Galaxy Buds Core,AUD013,producto-AUD013-portada,producto-AUD013-1,producto-AUD013-2,producto-AUD013-3,producto-AUD013-4,producto-AUD013-5,producto-AUD013-6
32,audifonos,Galaxy Buds FE,AUD010,producto-AUD010-portada,producto-AUD010-1,producto-AUD010-2,producto-AUD010-3,producto-AUD010-4,producto-AUD010-5,producto-AUD010-6
33,audifonos,Redmi Buds 4,AUD023,producto-AUD023-portada,producto-AUD023-1,producto-AUD023-2,producto-AUD023-3,producto-AUD023-4,producto-AUD023-5,producto-AUD023-6
34,audifonos,Redmi Buds 4 Active,AUD024,producto-AUD024-portada,producto-AUD024-1,producto-AUD024-2,producto-AUD024-3,producto-AUD024-4,producto-AUD024-5,producto-AUD024-6
35,audifonos,Redmi Buds 4 Pro,AUD022,producto-AUD022-portada,producto-AUD022-1,producto-AUD022-2,producto-AUD022-3,producto-AUD022-4,producto-AUD022-5,producto-AUD022-6
36,audifonos,Redmi Buds 5,AUD021,producto-AUD021-portada,producto-AUD021-1,producto-AUD021-2,producto-AUD021-3,producto-AUD021-4,producto-AUD021-5,producto-AUD021-6
37,audifonos,Redmi Buds 5 Pro,AUD020,producto-AUD020-portada,producto-AUD020-1,producto-AUD020-2,producto-AUD020-3,producto-AUD020-4,producto-AUD020-5,producto-AUD020-6
38,audifonos,Redmi Buds 6,AUD015,producto-AUD015-portada,producto-AUD015-1,producto-AUD015-2,producto-AUD015-3,producto-AUD015-4,producto-AUD015-5,producto-AUD015-6
39,audifonos,Redmi Buds 6 Active,AUD017,producto-AUD017-portada,producto-AUD017-1,producto-AUD017-2,producto-AUD017-3,producto-AUD017-4,producto-AUD017-5,producto-AUD017-6
40,audifonos,Redmi Buds 6 Lite,AUD016,producto-AUD016-portada,producto-AUD016-1,producto-AUD016-2,producto-AUD016-3,producto-AUD016-4,producto-AUD016-5,producto-AUD016-6
41,audifonos,Redmi Buds 6 Play,AUD018,producto-AUD018-portada,producto-AUD018-1,producto-AUD018-2,producto-AUD018-3,producto-AUD018-4,producto-AUD018-5,producto-AUD018-6
42,audifonos,Redmi Buds 6 Pro,AUD014,producto-AUD014-portada,producto-AUD014-1,producto-AUD014-2,producto-AUD014-3,producto-AUD014-4,producto-AUD014-5,producto-AUD014-6
43,audifonos,Xiaomi Buds 5 Pro,AUD019,producto-AUD019-portada,producto-AUD019-1,producto-AUD019-2,producto-AUD019-3,producto-AUD019-4,producto-AUD019-5,producto-AUD019-6
44,audifonos,Xiaomi OpenWear Stereo,AUD025,producto-AUD025-portada,producto-AUD025-1,producto-AUD025-2,producto-AUD025-3,producto-AUD025-4,producto-AUD025-5,producto-AUD025-6
45,celulares,Honor 200,1771367260290,producto-1771367260290-portada,producto-1771367260290-1,producto-1771367260290-2,producto-1771367260290-3,producto-1771367260290-4,producto-1771367260290-5,producto-1771367260290-6
46,celulares,Honor 200 Pro,1771367260289,producto-1771367260289-portada,producto-1771367260289-1,producto-1771367260289-2,producto-1771367260289-3,producto-1771367260289-4,producto-1771367260289-5,producto-1771367260289-6
47,celulares,Honor 70,1771367260295,producto-1771367260295-portada,producto-1771367260295-1,producto-1771367260295-2,producto-1771367260295-3,producto-1771367260295-4,producto-1771367260295-5,producto-1771367260295-6
48,celulares,Honor 90,1771367260291,producto-1771367260291-portada,producto-1771367260291-1,producto-1771367260291-2,producto-1771367260291-3,producto-1771367260291-4,producto-1771367260291-5,producto-1771367260291-6
49,celulares,Honor 90 Lite,1771367260292,producto-1771367260292-portada,producto-1771367260292-1,producto-1771367260292-2,producto-1771367260292-3,producto-1771367260292-4,producto-1771367260292-5,producto-1771367260292-6
50,celulares,Honor Magic5 Lite,1771367260294,producto-1771367260294-portada,producto-1771367260294-1,producto-1771367260294-2,producto-1771367260294-3,producto-1771367260294-4,producto-1771367260294-5,producto-1771367260294-6
51,celulares,Honor Magic5 Pro,1771367260288,producto-1771367260288-portada,producto-1771367260288-1,producto-1771367260288-2,producto-1771367260288-3,producto-1771367260288-4,producto-1771367260288-5,producto-1771367260288-6
52,celulares,Honor Magic6 Pro,1771367260287,producto-1771367260287-portada,producto-1771367260287-1,producto-1771367260287-2,producto-1771367260287-3,producto-1771367260287-4,producto-1771367260287-5,producto-1771367260287-6
53,celulares,Honor Magic7 Lite,1771367260293,producto-1771367260293-portada,producto-1771367260293-1,producto-1771367260293-2,producto-1771367260293-3,producto-1771367260293-4,producto-1771367260293-5,producto-1771367260293-6
54,celulares,Honor Magic7 Pro,1771367260286,producto-1771367260286-portada,producto-1771367260286-1,producto-1771367260286-2,producto-1771367260286-3,producto-1771367260286-4,producto-1771367260286-5,producto-1771367260286-6
55,celulares,Huawei Mate 50 Pro,1771367260300,producto-1771367260300-portada,producto-1771367260300-1,producto-1771367260300-2,producto-1771367260300-3,producto-1771367260300-4,producto-1771367260300-5,producto-1771367260300-6
56,celulares,Huawei Mate 60 Pro,1771367260299,producto-1771367260299-portada,producto-1771367260299-1,producto-1771367260299-2,producto-1771367260299-3,producto-1771367260299-4,producto-1771367260299-5,producto-1771367260299-6
57,celulares,Huawei Nova 10,1771367260303,producto-1771367260303-portada,producto-1771367260303-1,producto-1771367260303-2,producto-1771367260303-3,producto-1771367260303-4,producto-1771367260303-5,producto-1771367260303-6
58,celulares,Huawei Nova 12 SE,1771367260302,producto-1771367260302-portada,producto-1771367260302-1,producto-1771367260302-2,producto-1771367260302-3,producto-1771367260302-4,producto-1771367260302-5,producto-1771367260302-6
59,celulares,Huawei Nova 12i,1771367260301,producto-1771367260301-portada,producto-1771367260301-1,producto-1771367260301-2,producto-1771367260301-3,producto-1771367260301-4,producto-1771367260301-5,producto-1771367260301-6
60,celulares,Huawei P60 Pro,1771367260298,producto-1771367260298-portada,producto-1771367260298-1,producto-1771367260298-2,producto-1771367260298-3,producto-1771367260298-4,producto-1771367260298-5,producto-1771367260298-6
61,celulares,Huawei Pura 70 Pro,1771367260297,producto-1771367260297-portada,producto-1771367260297-1,producto-1771367260297-2,producto-1771367260297-3,producto-1771367260297-4,producto-1771367260297-5,producto-1771367260297-6
62,celulares,Huawei Pura 70 Ultra,1771367260296,producto-1771367260296-portada,producto-1771367260296-1,producto-1771367260296-2,producto-1771367260296-3,producto-1771367260296-4,producto-1771367260296-5,producto-1771367260296-6
63,celulares,POCO F6 Pro,1771367260313,producto-1771367260313-portada,producto-1771367260313-1,producto-1771367260313-2,producto-1771367260313-3,producto-1771367260313-4,producto-1771367260313-5,producto-1771367260313-6
64,celulares,POCO F8 Ultra,1771367260311,producto-1771367260311-portada,producto-1771367260311-1,producto-1771367260311-2,producto-1771367260311-3,producto-1771367260311-4,producto-1771367260311-5,producto-1771367260311-6
65,celulares,POCO X6 Pro,1771367260314,producto-1771367260314-portada,producto-1771367260314-1,producto-1771367260314-2,producto-1771367260314-3,producto-1771367260314-4,producto-1771367260314-5,producto-1771367260314-6
66,celulares,POCO X7 Pro,1771367260312,producto-1771367260312-portada,producto-1771367260312-1,producto-1771367260312-2,producto-1771367260312-3,producto-1771367260312-4,producto-1771367260312-5,producto-1771367260312-6
67,celulares,Redmi 14C,1771367260320,producto-1771367260320-portada,producto-1771367260320-1,producto-1771367260320-2,producto-1771367260320-3,producto-1771367260320-4,producto-1771367260320-5,producto-1771367260320-6
68,celulares,Redmi 15,1771367260319,producto-1771367260319-portada,producto-1771367260319-1,producto-1771367260319-2,producto-1771367260319-3,producto-1771367260319-4,producto-1771367260319-5,producto-1771367260319-6
69,celulares,Redmi Note 13 Pro+,1771367260318,producto-1771367260318-portada,producto-1771367260318-1,producto-1771367260318-2,producto-1771367260318-3,producto-1771367260318-4,producto-1771367260318-5,producto-1771367260318-6
70,celulares,Redmi Note 14,1771367260317,producto-1771367260317-portada,producto-1771367260317-1,producto-1771367260317-2,producto-1771367260317-3,producto-1771367260317-4,producto-1771367260317-5,producto-1771367260317-6
71,celulares,Redmi Note 14 Pro,1771367260316,producto-1771367260316-portada,producto-1771367260316-1,producto-1771367260316-2,producto-1771367260316-3,producto-1771367260316-4,producto-1771367260316-5,producto-1771367260316-6
72,celulares,Redmi Note 14 Pro+,1771367260315,producto-1771367260315-portada,producto-1771367260315-1,producto-1771367260315-2,producto-1771367260315-3,producto-1771367260315-4,producto-1771367260315-5,producto-1771367260315-6
73,celulares,Samsung Galaxy A16,1771367260285,producto-1771367260285-portada,producto-1771367260285-1,producto-1771367260285-2,producto-1771367260285-3,producto-1771367260285-4,producto-1771367260285-5,producto-1771367260285-6
74,celulares,Samsung Galaxy A35,1771367260284,producto-1771367260284-portada,producto-1771367260284-1,producto-1771367260284-2,producto-1771367260284-3,producto-1771367260284-4,producto-1771367260284-5,producto-1771367260284-6
75,celulares,Samsung Galaxy A54,1771367260283,producto-1771367260283-portada,producto-1771367260283-1,producto-1771367260283-2,producto-1771367260283-3,producto-1771367260283-4,producto-1771367260283-5,producto-1771367260283-6
76,celulares,Samsung Galaxy A55,1771367260282,producto-1771367260282-portada,producto-1771367260282-1,producto-1771367260282-2,producto-1771367260282-3,producto-1771367260282-4,producto-1771367260282-5,producto-1771367260282-6
77,celulares,Samsung Galaxy A56,1771367260281,producto-1771367260281-portada,producto-1771367260281-1,producto-1771367260281-2,producto-1771367260281-3,producto-1771367260281-4,producto-1771367260281-5,producto-1771367260281-6
78,celulares,Samsung Galaxy S24,1771367260278,producto-1771367260278-portada,producto-1771367260278-1,producto-1771367260278-2,producto-1771367260278-3,producto-1771367260278-4,producto-1771367260278-5,producto-1771367260278-6
79,celulares,Samsung Galaxy S24 FE,1771367260279,producto-1771367260279-portada,producto-1771367260279-1,producto-1771367260279-2,producto-1771367260279-3,producto-1771367260279-4,producto-1771367260279-5,producto-1771367260279-6
80,celulares,Samsung Galaxy S24 Plus,1771367260277,producto-1771367260277-portada,producto-1771367260277-1,producto-1771367260277-2,producto-1771367260277-3,producto-1771367260277-4,producto-1771367260277-5,producto-1771367260277-6
81,celulares,Samsung Galaxy S24 Ultra,1771367260276,producto-1771367260276-portada,producto-1771367260276-1,producto-1771367260276-2,producto-1771367260276-3,producto-1771367260276-4,producto-1771367260276-5,producto-1771367260276-6
82,celulares,Samsung Galaxy S25,1771367260275,producto-1771367260275-portada,producto-1771367260275-1,producto-1771367260275-2,producto-1771367260275-3,producto-1771367260275-4,producto-1771367260275-5,producto-1771367260275-6
83,celulares,Samsung Galaxy S25 Plus,1771367260274,producto-1771367260274-portada,producto-1771367260274-1,producto-1771367260274-2,producto-1771367260274-3,producto-1771367260274-4,producto-1771367260274-5,producto-1771367260274-6
84,celulares,Samsung Galaxy S25 Ultra,1771367260273,producto-1771367260273-portada,producto-1771367260273-1,producto-1771367260273-2,producto-1771367260273-3,producto-1771367260273-4,producto-1771367260273-5,producto-1771367260273-6
85,celulares,Samsung Galaxy Z Flip6,1771367260280,producto-1771367260280-portada,producto-1771367260280-1,producto-1771367260280-2,producto-1771367260280-3,producto-1771367260280-4,producto-1771367260280-5,producto-1771367260280-6
86,celulares,Xiaomi 14 Pro,1771367260307,producto-1771367260307-portada,producto-1771367260307-1,producto-1771367260307-2,producto-1771367260307-3,producto-1771367260307-4,producto-1771367260307-5,producto-1771367260307-6
87,celulares,Xiaomi 14 Ultra,1771367260306,producto-1771367260306-portada,producto-1771367260306-1,producto-1771367260306-2,producto-1771367260306-3,producto-1771367260306-4,producto-1771367260306-5,producto-1771367260306-6
88,celulares,Xiaomi 14T Pro,1771367260308,producto-1771367260308-portada,producto-1771367260308-1,producto-1771367260308-2,producto-1771367260308-3,producto-1771367260308-4,producto-1771367260308-5,producto-1771367260308-6
89,celulares,Xiaomi 15 Pro,1771367260305,producto-1771367260305-portada,producto-1771367260305-1,producto-1771367260305-2,producto-1771367260305-3,producto-1771367260305-4,producto-1771367260305-5,producto-1771367260305-6
90,celulares,Xiaomi 15 Ultra,1771367260304,producto-1771367260304-portada,producto-1771367260304-1,producto-1771367260304-2,producto-1771367260304-3,producto-1771367260304-4,producto-1771367260304-5,producto-1771367260304-6
91,celulares,Xiaomi 15T,1771367260310,producto-1771367260310-portada,producto-1771367260310-1,producto-1771367260310-2,producto-1771367260310-3,producto-1771367260310-4,producto-1771367260310-5,producto-1771367260310-6
92,celulares,Xiaomi 15T Pro,1771367260309,producto-1771367260309-portada,producto-1771367260309-1,producto-1771367260309-2,producto-1771367260309-3,producto-1771367260309-4,producto-1771367260309-5,producto-1771367260309-6
93,celulares,iPhone 13,1771367260272,producto-1771367260272-portada,producto-1771367260272-1,producto-1771367260272-2,producto-1771367260272-3,producto-1771367260272-4,producto-1771367260272-5,producto-1771367260272-6
94,celulares,iPhone 14,1771367260271,producto-1771367260271-portada,producto-1771367260271-1,producto-1771367260271-2,producto-1771367260271-3,producto-1771367260271-4,producto-1771367260271-5,producto-1771367260271-6
95,celulares,iPhone 15,1771367260270,producto-1771367260270-portada,producto-1771367260270-1,producto-1771367260270-2,producto-1771367260270-3,producto-1771367260270-4,producto-1771367260270-5,producto-1771367260270-6
96,celulares,iPhone 15 Plus,1771367260269,producto-1771367260269-portada,producto-1771367260269-1,producto-1771367260269-2,producto-1771367260269-3,producto-1771367260269-4,producto-1771367260269-5,producto-1771367260269-6
97,celulares,iPhone 15 Pro,1771367260268,producto-1771367260268-portada,producto-1771367260268-1,producto-1771367260268-2,producto-1771367260268-3,producto-1771367260268-4,producto-1771367260268-5,producto-1771367260268-6
98,celulares,iPhone 15 Pro Max,1771367260267,producto-1771367260267-portada,producto-1771367260267-1,producto-1771367260267-2,producto-1771367260267-3,producto-1771367260267-4,producto-1771367260267-5,producto-1771367260267-6
99,celulares,iPhone 16,1771367260266,producto-1771367260266-portada,producto-1771367260266-1,producto-1771367260266-2,producto-1771367260266-3,producto-1771367260266-4,producto-1771367260266-5,producto-1771367260266-6
100,celulares,iPhone 16 Plus,1771367260265,producto-1771367260265-portada,producto-1771367260265-1,producto-1771367260265-2,producto-1771367260265-3,producto-1771367260265-4,producto-1771367260265-5,producto-1771367260265-6
101,celulares,iPhone 16 Pro,1771367260264,producto-1771367260264-portada,producto-1771367260264-1,producto-1771367260264-2,producto-1771367260264-3,producto-1771367260264-4,producto-1771367260264-5,producto-1771367260264-6
102,celulares,iPhone 16 Pro Max,1771367260263,producto-1771367260263-portada,producto-1771367260263-1,producto-1771367260263-2,producto-1771367260263-3,producto-1771367260263-4,producto-1771367260263-5,producto-1771367260263-6
103,celulares,iPhone 17,1771367260261,producto-1771367260261-portada,producto-1771367260261-1,producto-1771367260261-2,producto-1771367260261-3,producto-1771367260261-4,producto-1771367260261-5,producto-1771367260261-6
104,celulares,iPhone 17 Pro,1771367260260,producto-1771367260260-portada,producto-1771367260260-1,producto-1771367260260-2,producto-1771367260260-3,producto-1771367260260-4,producto-1771367260260-5,producto-1771367260260-6
105,celulares,iPhone 17 Pro Max,1771367260259,producto-1771367260259-portada,producto-1771367260259-1,producto-1771367260259-2,producto-1771367260259-3,producto-1771367260259-4,producto-1771367260259-5,producto-1771367260259-6
106,celulares,iPhone Air,1771367260262,producto-1771367260262-portada,producto-1771367260262-1,producto-1771367260262-2,producto-1771367260262-3,producto-1771367260262-4,producto-1771367260262-5,producto-1771367260262-6
107,notebooks,Galaxy Book2 Pro (2023),NB015,producto-NB015-portada,producto-NB015-1,producto-NB015-2,producto-NB015-3,producto-NB015-4,producto-NB015-5,producto-NB015-6
108,notebooks,Galaxy Book3 Pro (2023),NB014,producto-NB014-portada,producto-NB014-1,producto-NB014-2,producto-NB014-3,producto-NB014-4,producto-NB014-5,producto-NB014-6
109,notebooks,Galaxy Book3 Pro 360 (2023),NB013,producto-NB013-portada,producto-NB013-1,producto-NB013-2,producto-NB013-3,producto-NB013-4,producto-NB013-5,producto-NB013-6
110,notebooks,Galaxy Book3 Ultra (2023),NB012,producto-NB012-portada,producto-NB012-1,producto-NB012-2,producto-NB012-3,producto-NB012-4,producto-NB012-5,producto-NB012-6
111,notebooks,Galaxy Book4 (2024),NB011,producto-NB011-portada,producto-NB011-1,producto-NB011-2,producto-NB011-3,producto-NB011-4,producto-NB011-5,producto-NB011-6
112,notebooks,Galaxy Book4 Pro (2024),NB010,producto-NB010-portada,producto-NB010-1,producto-NB010-2,producto-NB010-3,producto-NB010-4,producto-NB010-5,producto-NB010-6
113,notebooks,Galaxy Book4 Pro 360 (2024),NB009,producto-NB009-portada,producto-NB009-1,producto-NB009-2,producto-NB009-3,producto-NB009-4,producto-NB009-5,producto-NB009-6
114,notebooks,Galaxy Book4 Ultra (2024),NB008,producto-NB008-portada,producto-NB008-1,producto-NB008-2,producto-NB008-3,producto-NB008-4,producto-NB008-5,producto-NB008-6
115,notebooks,MacBook Air 13" M3 (2024),NB002,producto-NB002-portada,producto-NB002-1,producto-NB002-2,producto-NB002-3,producto-NB002-4,producto-NB002-5,producto-NB002-6
116,notebooks,MacBook Air 15" M2 (2023),NB006,producto-NB006-portada,producto-NB006-1,producto-NB006-2,producto-NB006-3,producto-NB006-4,producto-NB006-5,producto-NB006-6
117,notebooks,MacBook Air 15" M3 (2024),NB001,producto-NB001-portada,producto-NB001-1,producto-NB001-2,producto-NB001-3,producto-NB001-4,producto-NB001-5,producto-NB001-6
118,notebooks,MacBook Pro 14" M3 Pro (2023),NB007,producto-NB007-portada,producto-NB007-1,producto-NB007-2,producto-NB007-3,producto-NB007-4,producto-NB007-5,producto-NB007-6
119,notebooks,MacBook Pro 14" M4 (2024),NB003,producto-NB003-portada,producto-NB003-1,producto-NB003-2,producto-NB003-3,producto-NB003-4,producto-NB003-5,producto-NB003-6
120,notebooks,MacBook Pro 16" M4 Max (2024),NB005,producto-NB005-portada,producto-NB005-1,producto-NB005-2,producto-NB005-3,producto-NB005-4,producto-NB005-5,producto-NB005-6
121,notebooks,MacBook Pro 16" M4 Pro (2024),NB004,producto-NB004-portada,producto-NB004-1,producto-NB004-2,producto-NB004-3,producto-NB004-4,producto-NB004-5,producto-NB004-6
122,notebooks,MagicBook 14 (2023),NB037,producto-NB037-portada,producto-NB037-1,producto-NB037-2,producto-NB037-3,producto-NB037-4,producto-NB037-5,producto-NB037-6
123,notebooks,MagicBook 14 (2024),NB033,producto-NB033-portada,producto-NB033-1,producto-NB033-2,producto-NB033-3,producto-NB033-4,producto-NB033-5,producto-NB033-6
124,notebooks,MagicBook Pro 16 (2023),NB036,producto-NB036-portada,producto-NB036-1,producto-NB036-2,producto-NB036-3,producto-NB036-4,producto-NB036-5,producto-NB036-6
125,notebooks,MagicBook Pro 16 (2024),NB032,producto-NB032-portada,producto-NB032-1,producto-NB032-2,producto-NB032-3,producto-NB032-4,producto-NB032-5,producto-NB032-6
126,notebooks,MagicBook X 14 (2023),NB039,producto-NB039-portada,producto-NB039-1,producto-NB039-2,producto-NB039-3,producto-NB039-4,producto-NB039-5,producto-NB039-6
127,notebooks,MagicBook X 14 (2024),NB035,producto-NB035-portada,producto-NB035-1,producto-NB035-2,producto-NB035-3,producto-NB035-4,producto-NB035-5,producto-NB035-6
128,notebooks,MagicBook X 16 (2023),NB038,producto-NB038-portada,producto-NB038-1,producto-NB038-2,producto-NB038-3,producto-NB038-4,producto-NB038-5,producto-NB038-6
129,notebooks,MagicBook X 16 Pro (2024),NB034,producto-NB034-portada,producto-NB034-1,producto-NB034-2,producto-NB034-3,producto-NB034-4,producto-NB034-5,producto-NB034-6
130,notebooks,MateBook 14 (2024),NB026,producto-NB026-portada,producto-NB026-1,producto-NB026-2,producto-NB026-3,producto-NB026-4,producto-NB026-5,producto-NB026-6
131,notebooks,MateBook 14s (2023),NB031,producto-NB031-portada,producto-NB031-1,producto-NB031-2,producto-NB031-3,producto-NB031-4,producto-NB031-5,producto-NB031-6
132,notebooks,MateBook 16 (2023),NB030,producto-NB030-portada,producto-NB030-1,producto-NB030-2,producto-NB030-3,producto-NB030-4,producto-NB030-5,producto-NB030-6
133,notebooks,MateBook 16s (2024),NB025,producto-NB025-portada,producto-NB025-1,producto-NB025-2,producto-NB025-3,producto-NB025-4,producto-NB025-5,producto-NB025-6
134,notebooks,MateBook D 14 (2024),NB028,producto-NB028-portada,producto-NB028-1,producto-NB028-2,producto-NB028-3,producto-NB028-4,producto-NB028-5,producto-NB028-6
135,notebooks,MateBook D 16 (2024),NB027,producto-NB027-portada,producto-NB027-1,producto-NB027-2,producto-NB027-3,producto-NB027-4,producto-NB027-5,producto-NB027-6
136,notebooks,MateBook X Pro (2023),NB029,producto-NB029-portada,producto-NB029-1,producto-NB029-2,producto-NB029-3,producto-NB029-4,producto-NB029-5,producto-NB029-6
137,notebooks,MateBook X Pro (2024),NB024,producto-NB024-portada,producto-NB024-1,producto-NB024-2,producto-NB024-3,producto-NB024-4,producto-NB024-5,producto-NB024-6
138,notebooks,Redmi Book 14 (2023),NB023,producto-NB023-portada,producto-NB023-1,producto-NB023-2,producto-NB023-3,producto-NB023-4,producto-NB023-5,producto-NB023-6
139,notebooks,Redmi Book 16 (2024),NB020,producto-NB020-portada,producto-NB020-1,producto-NB020-2,producto-NB020-3,producto-NB020-4,producto-NB020-5,producto-NB020-6
140,notebooks,Redmi Book Pro 14 (2023),NB022,producto-NB022-portada,producto-NB022-1,producto-NB022-2,producto-NB022-3,producto-NB022-4,producto-NB022-5,producto-NB022-6
141,notebooks,Redmi Book Pro 15 (2024),NB019,producto-NB019-portada,producto-NB019-1,producto-NB019-2,producto-NB019-3,producto-NB019-4,producto-NB019-5,producto-NB019-6
142,notebooks,Xiaomi Book Air 13.3" (2023),NB021,producto-NB021-portada,producto-NB021-1,producto-NB021-2,producto-NB021-3,producto-NB021-4,producto-NB021-5,producto-NB021-6
143,notebooks,Xiaomi Book Pro 14 (2024),NB017,producto-NB017-portada,producto-NB017-1,producto-NB017-2,producto-NB017-3,producto-NB017-4,producto-NB017-5,producto-NB017-6
144,notebooks,Xiaomi Book Pro 16 (2024),NB016,producto-NB016-portada,producto-NB016-1,producto-NB016-2,producto-NB016-3,producto-NB016-4,producto-NB016-5,producto-NB016-6
145,notebooks,Xiaomi Book S 12.4" (2024),NB018,producto-NB018-portada,producto-NB018-1,producto-NB018-2,producto-NB018-3,producto-NB018-4,producto-NB018-5,producto-NB018-6
146,relojes,Apple Watch SE 2,REL006,producto-REL006-portada,producto-REL006-1,producto-REL006-2,producto-REL006-3,producto-REL006-4,producto-REL006-5,producto-REL006-6
147,relojes,Apple Watch Series 10,REL003,producto-REL003-portada,producto-REL003-1,producto-REL003-2,producto-REL003-3,producto-REL003-4,producto-REL003-5,producto-REL003-6
148,relojes,Apple Watch Series 11,REL001,producto-REL001-portada,producto-REL001-1,producto-REL001-2,producto-REL001-3,producto-REL001-4,producto-REL001-5,producto-REL001-6
149,relojes,Apple Watch Series 9,REL005,producto-REL005-portada,producto-REL005-1,producto-REL005-2,producto-REL005-3,producto-REL005-4,producto-REL005-5,producto-REL005-6
150,relojes,Apple Watch Ultra 2,REL004,producto-REL004-portada,producto-REL004-1,producto-REL004-2,producto-REL004-3,producto-REL004-4,producto-REL004-5,producto-REL004-6
151,relojes,Apple Watch Ultra 3,REL002,producto-REL002-portada,producto-REL002-1,producto-REL002-2,producto-REL002-3,producto-REL002-4,producto-REL002-5,producto-REL002-6
152,relojes,Galaxy Watch 6,REL011,producto-REL011-portada,producto-REL011-1,producto-REL011-2,producto-REL011-3,producto-REL011-4,producto-REL011-5,producto-REL011-6
153,relojes,Galaxy Watch 6 Classic,REL012,producto-REL012-portada,producto-REL012-1,producto-REL012-2,producto-REL012-3,producto-REL012-4,producto-REL012-5,producto-REL012-6
154,relojes,Galaxy Watch 7,REL010,producto-REL010-portada,producto-REL010-1,producto-REL010-2,producto-REL010-3,producto-REL010-4,producto-REL010-5,producto-REL010-6
155,relojes,Galaxy Watch 8,REL008,producto-REL008-portada,producto-REL008-1,producto-REL008-2,producto-REL008-3,producto-REL008-4,producto-REL008-5,producto-REL008-6
156,relojes,Galaxy Watch 8 Classic,REL009,producto-REL009-portada,producto-REL009-1,producto-REL009-2,producto-REL009-3,producto-REL009-4,producto-REL009-5,producto-REL009-6
157,relojes,Galaxy Watch FE,REL013,producto-REL013-portada,producto-REL013-1,producto-REL013-2,producto-REL013-3,producto-REL013-4,producto-REL013-5,producto-REL013-6
158,relojes,Galaxy Watch Ultra 2025,REL007,producto-REL007-portada,producto-REL007-1,producto-REL007-2,producto-REL007-3,producto-REL007-4,producto-REL007-5,producto-REL007-6
159,relojes,Honor Band 9,REL037,producto-REL037-portada,producto-REL037-1,producto-REL037-2,producto-REL037-3,producto-REL037-4,producto-REL037-5,producto-REL037-6
160,relojes,Honor MagicWatch 2 42mm,REL035,producto-REL035-portada,producto-REL035-1,producto-REL035-2,producto-REL035-3,producto-REL035-4,producto-REL035-5,producto-REL035-6
161,relojes,Honor MagicWatch 2 46mm,REL034,producto-REL034-portada,producto-REL034-1,producto-REL034-2,producto-REL034-3,producto-REL034-4,producto-REL034-5,producto-REL034-6
162,relojes,Honor Watch 4,REL032,producto-REL032-portada,producto-REL032-1,producto-REL032-2,producto-REL032-3,producto-REL032-4,producto-REL032-5,producto-REL032-6
163,relojes,Honor Watch 5,REL030,producto-REL030-portada,producto-REL030-1,producto-REL030-2,producto-REL030-3,producto-REL030-4,producto-REL030-5,producto-REL030-6
164,relojes,Honor Watch GS 3,REL033,producto-REL033-portada,producto-REL033-1,producto-REL033-2,producto-REL033-3,producto-REL033-4,producto-REL033-5,producto-REL033-6
165,relojes,Honor Watch GS 4,REL031,producto-REL031-portada,producto-REL031-1,producto-REL031-2,producto-REL031-3,producto-REL031-4,producto-REL031-5,producto-REL031-6
166,relojes,Honor Watch Magic,REL036,producto-REL036-portada,producto-REL036-1,producto-REL036-2,producto-REL036-3,producto-REL036-4,producto-REL036-5,producto-REL036-6
167,relojes,Huawei Watch 4,REL025,producto-REL025-portada,producto-REL025-1,producto-REL025-2,producto-REL025-3,producto-REL025-4,producto-REL025-5,producto-REL025-6
168,relojes,Huawei Watch 4 Pro,REL024,producto-REL024-portada,producto-REL024-1,producto-REL024-2,producto-REL024-3,producto-REL024-4,producto-REL024-5,producto-REL024-6
169,relojes,Huawei Watch 5,REL021,producto-REL021-portada,producto-REL021-1,producto-REL021-2,producto-REL021-3,producto-REL021-4,producto-REL021-5,producto-REL021-6
170,relojes,Huawei Watch D2,REL029,producto-REL029-portada,producto-REL029-1,producto-REL029-2,producto-REL029-3,producto-REL029-4,producto-REL029-5,producto-REL029-6
171,relojes,Huawei Watch Fit 3,REL028,producto-REL028-portada,producto-REL028-1,producto-REL028-2,producto-REL028-3,producto-REL028-4,producto-REL028-5,producto-REL028-6
172,relojes,Huawei Watch GT 4,REL026,producto-REL026-portada,producto-REL026-1,producto-REL026-2,producto-REL026-3,producto-REL026-4,producto-REL026-5,producto-REL026-6
173,relojes,Huawei Watch GT 5,REL023,producto-REL023-portada,producto-REL023-1,producto-REL023-2,producto-REL023-3,producto-REL023-4,producto-REL023-5,producto-REL023-6
174,relojes,Huawei Watch GT 5 Pro,REL022,producto-REL022-portada,producto-REL022-1,producto-REL022-2,producto-REL022-3,producto-REL022-4,producto-REL022-5,producto-REL022-6
175,relojes,Huawei Watch Ultimate,REL027,producto-REL027-portada,producto-REL027-1,producto-REL027-2,producto-REL027-3,producto-REL027-4,producto-REL027-5,producto-REL027-6
176,relojes,Redmi Watch 4,REL017,producto-REL017-portada,producto-REL017-1,producto-REL017-2,producto-REL017-3,producto-REL017-4,producto-REL017-5,producto-REL017-6
177,relojes,Redmi Watch 5,REL018,producto-REL018-portada,producto-REL018-1,producto-REL018-2,producto-REL018-3,producto-REL018-4,producto-REL018-5,producto-REL018-6
178,relojes,Redmi Watch 5 Active,REL019,producto-REL019-portada,producto-REL019-1,producto-REL019-2,producto-REL019-3,producto-REL019-4,producto-REL019-5,producto-REL019-6
179,relojes,Xiaomi Smart Band 8 Pro,REL020,producto-REL020-portada,producto-REL020-1,producto-REL020-2,producto-REL020-3,producto-REL020-4,producto-REL020-5,producto-REL020-6
180,relojes,Xiaomi Watch 2,REL015,producto-REL015-portada,producto-REL015-1,producto-REL015-2,producto-REL015-3,producto-REL015-4,producto-REL015-5,producto-REL015-6
181,relojes,Xiaomi Watch 2 Pro,REL014,producto-REL014-portada,producto-REL014-1,producto-REL014-2,producto-REL014-3,producto-REL014-4,producto-REL014-5,producto-REL014-6
182,relojes,Xiaomi Watch S3,REL016,producto-REL016-portada,producto-REL016-1,producto-REL016-2,producto-REL016-3,producto-REL016-4,producto-REL016-5,producto-REL016-6
183,televisores,Honor Smart Screen S1 55",TV044,producto-TV044-portada,producto-TV044-1,producto-TV044-2,producto-TV044-3,producto-TV044-4,producto-TV044-5,producto-TV044-6
184,televisores,Honor Smart Screen S1 Pro 65",TV043,producto-TV043-portada,producto-TV043-1,producto-TV043-2,producto-TV043-3,producto-TV043-4,producto-TV043-5,producto-TV043-6
185,televisores,Honor Smart Screen V8 Pro 85",TV042,producto-TV042-portada,producto-TV042-1,producto-TV042-2,producto-TV042-3,producto-TV042-4,producto-TV042-5,producto-TV042-6
186,televisores,Honor Smart Screen X3 55",TV040,producto-TV040-portada,producto-TV040-1,producto-TV040-2,producto-TV040-3,producto-TV040-4,producto-TV040-5,producto-TV040-6
187,televisores,Honor Smart Screen X5 65",TV039,producto-TV039-portada,producto-TV039-1,producto-TV039-2,producto-TV039-3,producto-TV039-4,producto-TV039-5,producto-TV039-6
188,televisores,Honor Smart Screen X5 75",TV038,producto-TV038-portada,producto-TV038-1,producto-TV038-2,producto-TV038-3,producto-TV038-4,producto-TV038-5,producto-TV038-6
189,televisores,Honor Vision 3 Pro 75",TV041,producto-TV041-portada,producto-TV041-1,producto-TV041-2,producto-TV041-3,producto-TV041-4,producto-TV041-5,producto-TV041-6
190,televisores,Honor Vision 5 65",TV037,producto-TV037-portada,producto-TV037-1,producto-TV037-2,producto-TV037-3,producto-TV037-4,producto-TV037-5,producto-TV037-6
191,televisores,Honor Vision 5 Pro 75",TV036,producto-TV036-portada,producto-TV036-1,producto-TV036-2,producto-TV036-3,producto-TV036-4,producto-TV036-5,producto-TV036-6
192,televisores,Honor Vision 5 Pro 85",TV035,producto-TV035-portada,producto-TV035-1,producto-TV035-2,producto-TV035-3,producto-TV035-4,producto-TV035-5,producto-TV035-6
193,televisores,Huawei Vision S3 65",TV034,producto-TV034-portada,producto-TV034-1,producto-TV034-2,producto-TV034-3,producto-TV034-4,producto-TV034-5,producto-TV034-6
194,televisores,Huawei Vision S3 Pro 75",TV033,producto-TV033-portada,producto-TV033-1,producto-TV033-2,producto-TV033-3,producto-TV033-4,producto-TV033-5,producto-TV033-6
195,televisores,Huawei Vision S5 75",TV029,producto-TV029-portada,producto-TV029-1,producto-TV029-2,producto-TV029-3,producto-TV029-4,producto-TV029-5,producto-TV029-6
196,televisores,Huawei Vision S5 Pro 85",TV028,producto-TV028-portada,producto-TV028-1,producto-TV028-2,producto-TV028-3,producto-TV028-4,producto-TV028-5,producto-TV028-6
197,televisores,Huawei Vision SE 65",TV031,producto-TV031-portada,producto-TV031-1,producto-TV031-2,producto-TV031-3,producto-TV031-4,producto-TV031-5,producto-TV031-6
198,televisores,Huawei Vision SE 75",TV030,producto-TV030-portada,producto-TV030-1,producto-TV030-2,producto-TV030-3,producto-TV030-4,producto-TV030-5,producto-TV030-6
199,televisores,Huawei Vision Smart Screen V3 Pro 85",TV032,producto-TV032-portada,producto-TV032-1,producto-TV032-2,producto-TV032-3,producto-TV032-4,producto-TV032-5,producto-TV032-6
200,televisores,Huawei Vision Smart Screen V5 75",TV027,producto-TV027-portada,producto-TV027-1,producto-TV027-2,producto-TV027-3,producto-TV027-4,producto-TV027-5,producto-TV027-6
201,televisores,Huawei Vision Smart Screen V5 Pro 85",TV026,producto-TV026-portada,producto-TV026-1,producto-TV026-2,producto-TV026-3,producto-TV026-4,producto-TV026-5,producto-TV026-6
202,televisores,Huawei Vision Smart Screen V5 Pro 98",TV025,producto-TV025-portada,producto-TV025-1,producto-TV025-2,producto-TV025-3,producto-TV025-4,producto-TV025-5,producto-TV025-6
203,televisores,Redmi Max 100",TV019,producto-TV019-portada,producto-TV019-1,producto-TV019-2,producto-TV019-3,producto-TV019-4,producto-TV019-5,producto-TV019-6
204,televisores,Redmi Smart TV X65 65",TV022,producto-TV022-portada,producto-TV022-1,producto-TV022-2,producto-TV022-3,producto-TV022-4,producto-TV022-5,producto-TV022-6
205,televisores,Redmi Smart TV X75 75",TV021,producto-TV021-portada,producto-TV021-1,producto-TV021-2,producto-TV021-3,producto-TV021-4,producto-TV021-5,producto-TV021-6
206,televisores,Redmi Smart TV X86 86",TV020,producto-TV020-portada,producto-TV020-1,producto-TV020-2,producto-TV020-3,producto-TV020-4,producto-TV020-5,producto-TV020-6
207,televisores,Samsung Crystal UHD CU7000 65",TV008,producto-TV008-portada,producto-TV008-1,producto-TV008-2,producto-TV008-3,producto-TV008-4,producto-TV008-5,producto-TV008-6
208,televisores,Samsung Crystal UHD CU8000 75",TV007,producto-TV007-portada,producto-TV007-1,producto-TV007-2,producto-TV007-3,producto-TV007-4,producto-TV007-5,producto-TV007-6
209,televisores,Samsung Neo QLED 4K QN90D 75",TV004,producto-TV004-portada,producto-TV004-1,producto-TV004-2,producto-TV004-3,producto-TV004-4,producto-TV004-5,producto-TV004-6
210,televisores,Samsung Neo QLED 4K QN95D 85",TV003,producto-TV003-portada,producto-TV003-1,producto-TV003-2,producto-TV003-3,producto-TV003-4,producto-TV003-5,producto-TV003-6
211,televisores,Samsung Neo QLED 8K QN900D 75",TV002,producto-TV002-portada,producto-TV002-1,producto-TV002-2,producto-TV002-3,producto-TV002-4,producto-TV002-5,producto-TV002-6
212,televisores,Samsung Neo QLED 8K QN900D 85",TV001,producto-TV001-portada,producto-TV001-1,producto-TV001-2,producto-TV001-3,producto-TV001-4,producto-TV001-5,producto-TV001-6
213,televisores,Samsung Neo QLED QN85C 55",TV011,producto-TV011-portada,producto-TV011-1,producto-TV011-2,producto-TV011-3,producto-TV011-4,producto-TV011-5,producto-TV011-6
214,televisores,Samsung OLED S90D 65",TV006,producto-TV006-portada,producto-TV006-1,producto-TV006-2,producto-TV006-3,producto-TV006-4,producto-TV006-5,producto-TV006-6
215,televisores,Samsung OLED S95D 77",TV005,producto-TV005-portada,producto-TV005-1,producto-TV005-2,producto-TV005-3,producto-TV005-4,producto-TV005-5,producto-TV005-6
216,televisores,Samsung QLED Q60C 65",TV010,producto-TV010-portada,producto-TV010-1,producto-TV010-2,producto-TV010-3,producto-TV010-4,producto-TV010-5,producto-TV010-6
217,televisores,Samsung QLED Q80C 75",TV009,producto-TV009-portada,producto-TV009-1,producto-TV009-2,producto-TV009-3,producto-TV009-4,producto-TV009-5,producto-TV009-6
218,televisores,Samsung The Frame 65" (2024),TV012,producto-TV012-portada,producto-TV012-1,producto-TV012-2,producto-TV012-3,producto-TV012-4,producto-TV012-5,producto-TV012-6
219,televisores,Xiaomi TV A Pro 65",TV018,producto-TV018-portada,producto-TV018-1,producto-TV018-2,producto-TV018-3,producto-TV018-4,producto-TV018-5,producto-TV018-6
220,televisores,Xiaomi TV A Pro 75",TV017,producto-TV017-portada,producto-TV017-1,producto-TV017-2,producto-TV017-3,producto-TV017-4,producto-TV017-5,producto-TV017-6
221,televisores,Xiaomi TV Max 100",TV013,producto-TV013-portada,producto-TV013-1,producto-TV013-2,producto-TV013-3,producto-TV013-4,producto-TV013-5,producto-TV013-6
222,televisores,Xiaomi TV Q1E 75",TV024,producto-TV024-portada,producto-TV024-1,producto-TV024-2,producto-TV024-3,producto-TV024-4,producto-TV024-5,producto-TV024-6
223,televisores,Xiaomi TV Q2 Pro 85",TV023,producto-TV023-portada,producto-TV023-1,producto-TV023-2,producto-TV023-3,producto-TV023-4,producto-TV023-5,producto-TV023-6
224,televisores,Xiaomi TV S Pro 65",TV016,producto-TV016-portada,producto-TV016-1,producto-TV016-2,producto-TV016-3,producto-TV016-4,producto-TV016-5,producto-TV016-6
225,televisores,Xiaomi TV S Pro 75",TV015,producto-TV015-portada,producto-TV015-1,producto-TV015-2,producto-TV015-3,producto-TV015-4,producto-TV015-5,producto-TV015-6
226,televisores,Xiaomi TV S Pro 85",TV014,producto-TV014-portada,producto-TV014-1,producto-TV014-2,producto-TV014-3,producto-TV014-4,producto-TV014-5,producto-TV014-6
